0,50
0.5,49.5
1,49
1.5,48.5
2,48
2.5,48.5
3,49
3.5,49.5
4,50
4.5,50.5
5,51
5.5,51.5
6,51
6.5,50.5
7,50
7.5,49.5
8,50
8.5,49.5
9,50
9.5,50.5
10,51
10.5,51.5
11,52
11.5,52.5
12,52
12.5,52.5
13,52
13.5,51.5
14,51
14.5,51.5
15,52
15.5,52.5
16,53
16.5,53.5
17,54
17.5,54.5
18,55
18.5,55.5
19,56
19.5,56.5
20,57
20.5,56.5
21,56
21.5,55.5
22,55
22.5,54.5
23,54
23.5,53.5
24,53
24.5,52.5
25,52
25.5,52.5
26,53
26.5,52.5
27,52
27.5,51.5
28,51
28.5,51.5
29,52
29.5,52.5
30,53
30.5,53.5
31,54
31.5,53.5
32,53
32.5,53.5
33,53
33.5,52.5
34,52
34.5,52.5
35,53
35.5,53.5
36,54
36.5,54.5
37,55
37.5,54.5
38,54
38.5,53.5
39,54
39.5,54.5
40,55
40.5,54.5
41,55
41.5,55.5
42,56
42.5,56.5
43,57
43.5,57.5
44,58
44.5,58.5
45,59
45.5,59.5
46,60
46.5,59.5
47,59
47.5,59.5
48,60
48.5,60.5
49,60
49.5,59.5
50,59
50.5,58.5
51,58
51.5,58.5
52,59
52.5,59.5
53,60
53.5,60.5
54,61
54.5,61.5
55,62
55.5,61.5
56,61
56.5,60.5
57,60
57.5,59.5
58,59
58.5,58.5
59,58
59.5,58.5
60,59
60.5,58.5
61,58
61.5,57.5
62,57
62.5,56.5
63,56
63.5,55.5
64,55
64.5,54.5
65,54
65.5,53.5
66,53
66.5,52.5
67,52
67.5,51.5
68,51
68.5,50.5
69,50
69.5,49.5
70,50
70.5,50.5
71,50
71.5,49.5
72,49
72.5,48.5
73,48
73.5,48.5
74,48
74.5,48.5
75,49
75.5,48.5
76,48
76.5,48.5
77,49
77.5,49.5
78,49
78.5,49.5
79,50
79.5,50.5
80,51
80.5,51.5
81,52
81.5,51.5
82,51
82.5,50.5
83,51
83.5,51.5
84,52
84.5,52.5
85,53
85.5,53.5
86,54
86.5,54.5
87,55
87.5,54.5
88,54
88.5,53.5
89,53
89.5,53.5
90,54
90.5,54.5
91,55
91.5,55.5
92,56
92.5,56.5
93,56
93.5,55.5
94,56
94.5,56.5
95,56
95.5,55.5
96,55
96.5,54.5
97,54
97.5,53.5
98,53
98.5,53.5
99,54
99.5,54.5
100,55
100.5,55.5
101,56
101.5,56.5
102,57
102.5,57.5
103,57
103.5,56.5
104,56
104.5,56.5
105,57
105.5,57.5
106,57
106.5,56.5
107,56
107.5,56.5
108,57
108.5,57.5
109,58
109.5,58.5
110,59
110.5,59.5
111,60
111.5,60.5
112,61
112.5,61.5
113,62
113.5,62.5
114,62
114.5,61.5
115,61
115.5,60.5
116,60
116.5,59.5
117,59
117.5,58.5
118,59
118.5,59.5
119,59
119.5,58.5
120,59
120.5,59.5
121,60
121.5,60.5
122,61
122.5,61.5
123,62
123.5,62.5
124,63
124.5,62.5
125,62
125.5,61.5
126,61
126.5,60.5
127,60
127.5,59.5
128,59
128.5,58.5
129,58
129.5,58.5
130,59
130.5,58.5
131,58
131.5,58.5
132,58
132.5,58.5
133,59
133.5,58.5
134,58
134.5,57.5
135,57
135.5,56.5
136,56
136.5,55.5
137,56
137.5,56.5
138,56
138.5,55.5
139,55
139.5,54.5
140,55
140.5,55.5
141,55
141.5,54.5
142,54
142.5,53.5
143,53
143.5,52.5
144,52
144.5,52.5
145,53
145.5,52.5
146,52
146.5,51.5
147,51
147.5,50.5
148,51
148.5,51.5
149,52
149.5,52.5
150,53
150.5,53.5
151,53
151.5,52.5
152,53
152.5,52.5
153,53
153.5,53.5
154,53
154.5,52.5
155,52
155.5,52.5
156,53
156.5,53.5
157,54
157.5,53.5
158,53
158.5,52.5
159,52
159.5,51.5
160,51
160.5,50.5
161,50
161.5,50.5
162,50
162.5,49.5
163,50
163.5,50.5
164,51
164.5,51.5
165,52
165.5,52.5
166,53
166.5,53.5
167,54
167.5,54.5
168,55
168.5,54.5
169,54
169.5,53.5
170,53
170.5,52.5
171,52
171.5,51.5
172,51
172.5,51.5
173,52
173.5,52.5
174,52
174.5,51.5
175,52
175.5,52.5
176,52
176.5,51.5
177,51
177.5,50.5
178,50
178.5,49.5
179,50
179.5,50.5
180,51
180.5,51.5
181,52
181.5,51.5
182,51
182.5,50.5
183,51
183.5,51.5
184,51
184.5,51.5
185,52
185.5,52.5
186,53
186.5,53.5
187,53
187.5,52.5
188,52
188.5,51.5
189,51
189.5,50.5
190,50
190.5,49.5
191,49
191.5,48.5
192,48
192.5,48.5
193,49
193.5,49.5
194,50
194.5,49.5
195,50
195.5,50.5
196,51
196.5,50.5
197,50
197.5,49.5
198,49
198.5,48.5
199,48
199.5,47.5
200,47
200.5,46.5
201,46
201.5,45.5
202,45
202.5,44.5
203,44
203.5,44.5
204,45
204.5,45.5
205,45
205.5,44.5
206,44
206.5,43.5
207,44
207.5,44.5
208,45
208.5,45.5
209,46
209.5,45.5
210,45
210.5,44.5
211,44
211.5,43.5
212,43
212.5,42.5
213,42
213.5,41.5
214,41
214.5,40.5
215,40
215.5,39.5
216,39
216.5,38.5
217,38
217.5,37.5
218,37
218.5,36.5
219,36
219.5,35.5
220,35
220.5,34.5
221,35
221.5,35.5
222,36
222.5,36.5
223,36
223.5,35.5
224,36
224.5,36.5
225,37
225.5,37.5
226,38
226.5,38.5
227,39
227.5,39.5
228,40
228.5,39.5
229,39
229.5,39.5
230,40
230.5,40.5
231,41
231.5,41.5
232,42
232.5,42.5
233,43
233.5,42.5
234,42
234.5,41.5
235,41
235.5,40.5
236,40
236.5,40.5
237,41
237.5,40.5
238,40
238.5,39.5
239,39
239.5,38.5
240,39
240.5,39.5
241,39
241.5,38.5
242,39
242.5,39.5
243,40
243.5,40.5
244,41
244.5,40.5
245,41
245.5,41.5
246,42
246.5,42.5
247,43
247.5,42.5
248,42
248.5,42.5
249,43
249.5,43.5
250,43
250.5,43.5
251,44
251.5,44.5
252,45
252.5,45.5
253,45
253.5,44.5
254,44
254.5,44.5
255,45
255.5,45.5
256,46
256.5,46.5
257,47
257.5,47.5
258,48
258.5,48.5
259,48
259.5,47.5
260,47
260.5,46.5
261,46
261.5,45.5
262,45
262.5,45.5
263,46
263.5,45.5
264,45
264.5,45.5
265,46
265.5,46.5
266,46
266.5,45.5
267,45
267.5,44.5
268,44
268.5,43.5
269,43
269.5,42.5
270,42
270.5,41.5
271,41
271.5,41.5
272,42
272.5,42.5
273,43
273.5,42.5
274,42
274.5,41.5
275,41
275.5,41.5
276,42
276.5,42.5
277,43
277.5,43.5
278,44
278.5,44.5
279,45
279.5,45.5
280,46
280.5,46.5
281,47
281.5,47.5
282,48
282.5,48.5
283,49
283.5,49.5
284,50
284.5,50.5
285,51
285.5,51.5
286,52
286.5,52.5
287,52
287.5,51.5
288,51
288.5,50.5
289,50
289.5,49.5
290,49
290.5,48.5
291,48
291.5,47.5
292,47
292.5,46.5
293,46
293.5,46.5
294,46
294.5,45.5
295,45
295.5,45.5
296,46
296.5,46.5
297,47
297.5,47.5
298,48
298.5,48.5
299,49
299.5,48.5
300,48
300.5,47.5
301,47
301.5,46.5
302,46
302.5,45.5
303,45
303.5,44.5
304,44
304.5,43.5
305,43
305.5,42.5
306,43
306.5,43.5
307,44
307.5,44.5
308,44
308.5,44.5
309,44
309.5,43.5
310,43
310.5,42.5
311,43
311.5,43.5
312,44
312.5,44.5
313,45
313.5,45.5
314,46
314.5,46.5
315,47
315.5,47.5
316,48
316.5,48.5
317,49
317.5,49.5
318,49
318.5,48.5
319,49
319.5,49.5
320,50
320.5,49.5
321,49
321.5,48.5
322,48
322.5,47.5
323,47
323.5,46.5
324,46
324.5,45.5
325,45
325.5,44.5
326,44
326.5,43.5
327,43
327.5,42.5
328,42
328.5,41.5
329,41
329.5,40.5
330,40
330.5,39.5
331,39
331.5,38.5
332,38
332.5,37.5
333,37
333.5,37.5
334,38
334.5,38.5
335,39
335.5,39.5
336,39
336.5,39.5
337,40
337.5,40.5
338,41
338.5,41.5
339,41
339.5,41.5
340,42
340.5,41.5
341,41
341.5,40.5
342,40
342.5,39.5
343,39
343.5,38.5
344,38
344.5,38.5
345,38
345.5,37.5
346,37
346.5,36.5
347,36
347.5,36.5
348,37
348.5,37.5
349,38
349.5,38.5
350,39
350.5,39.5
351,40
351.5,40.5
352,40
352.5,40.5
353,41
353.5,40.5
354,41
354.5,41.5
355,41
355.5,40.5
356,40
356.5,40.5
357,40
357.5,39.5
358,39
358.5,39.5
359,40
359.5,40.5
360,41
360.5,41.5
361,42
361.5,42.5
362,43
362.5,43.5
363,44
363.5,44.5
364,45
364.5,44.5
365,44
365.5,43.5
366,44
366.5,44.5
367,45
367.5,44.5
368,44
368.5,43.5
369,43
369.5,42.5
370,43
370.5,43.5
371,43
371.5,42.5
372,42
372.5,42.5
373,43
373.5,43.5
374,44
374.5,44.5
375,45
375.5,45.5
376,45
376.5,45.5
377,46
377.5,46.5
378,47
378.5,47.5
379,47
379.5,46.5
380,46
380.5,46.5
381,47
381.5,46.5
382,46
382.5,45.5
383,45
383.5,44.5
384,44
384.5,43.5
385,43
385.5,42.5
386,42
386.5,41.5
387,41
387.5,40.5
388,40
388.5,39.5
389,39
389.5,39.5
390,39
390.5,38.5
391,38
391.5,37.5
392,37
392.5,36.5
393,36
393.5,35.5
394,35
394.5,34.5
395,34
395.5,33.5
396,33
396.5,33.5
397,34
397.5,34.5
398,35
398.5,35.5
399,35
399.5,34.5
400,34
400.5,34.5
401,35
401.5,35.5
402,36
402.5,36.5
403,37
403.5,37.5
404,38
404.5,38.5
405,39
405.5,39.5
406,40
406.5,39.5
407,39
407.5,38.5
408,38
408.5,38.5
409,39
409.5,39.5
410,40
410.5,40.5
411,41
411.5,41.5
412,41
412.5,40.5
413,40
413.5,39.5
414,40
414.5,40.5
415,41
415.5,41.5
416,42
416.5,42.5
417,43
417.5,43.5
418,44
418.5,44.5
419,45
419.5,45.5
420,46
420.5,46.5
421,47
421.5,47.5
422,48
422.5,48.5
423,48
423.5,47.5
424,47
424.5,47.5
425,48
425.5,48.5
426,49
426.5,49.5
427,50
427.5,50.5
428,51
428.5,51.5
429,52
429.5,51.5
430,52
430.5,51.5
431,51
431.5,50.5
432,50
432.5,50.5
433,51
433.5,51.5
434,52
434.5,52.5
435,53
435.5,53.5
436,54
436.5,54.5
437,54
437.5,54.5
438,55
438.5,54.5
439,54
439.5,53.5
440,54
440.5,54.5
441,54
441.5,54.5
442,55
442.5,55.5
443,56
443.5,56.5
444,57
444.5,56.5
445,56
445.5,55.5
446,55
446.5,55.5
447,55
447.5,54.5
448,54
448.5,53.5
449,53
449.5,52.5
450,52
450.5,51.5
451,51
451.5,50.5
452,50
452.5,49.5
453,50
453.5,50.5
454,51
454.5,51.5
455,51
455.5,51.5
456,52
456.5,52.5
457,53
457.5,52.5
458,52
458.5,51.5
459,52
459.5,52.5
460,53
460.5,53.5
461,54
461.5,54.5
462,55
462.5,55.5
463,56
463.5,55.5
464,55
464.5,55.5
465,56
465.5,56.5
466,56
466.5,55.5
467,55
467.5,54.5
468,54
468.5,53.5
469,53
469.5,53.5
470,54
470.5,53.5
471,53
471.5,52.5
472,53
472.5,53.5
473,54
473.5,54.5
474,54
474.5,53.5
475,53
475.5,52.5
476,52
476.5,51.5
477,52
477.5,52.5
478,53
478.5,53.5
479,54
479.5,53.5
480,53
480.5,52.5
481,52
481.5,51.5
482,51
482.5,50.5
483,50
483.5,49.5
484,49
484.5,49.5
485,49
485.5,48.5
486,48
486.5,47.5
487,47
487.5,46.5
488,47
488.5,46.5
489,47
489.5,47.5
490,48
490.5,48.5
491,49
491.5,49.5
492,49
492.5,48.5
493,49
493.5,49.5
494,50
494.5,50.5
495,51
495.5,51.5
496,52
496.5,52.5
497,53
497.5,53.5
498,54
498.5,54.5
499,54
499.5,53.5
500,53
500.5,53.5
501,54
501.5,54.5
502,54
502.5,53.5
503,53
503.5,52.5
504,52
504.5,51.5
505,52
505.5,52.5
506,53
506.5,52.5
507,52
507.5,51.5
508,51
508.5,50.5
509,50
509.5,49.5
510,49
510.5,48.5
511,48
511.5,47.5
512,47
512.5,46.5
513,46
513.5,45.5
514,46
514.5,46.5
515,47
515.5,47.5
516,47
516.5,46.5
517,47
517.5,46.5
518,46
518.5,46.5
519,47
519.5,47.5
520,48
520.5,48.5
521,49
521.5,49.5
522,50
522.5,50.5
523,51
523.5,50.5
524,51
524.5,50.5
525,51
525.5,51.5
526,52
526.5,52.5
527,53
527.5,52.5
528,52
528.5,52.5
529,53
529.5,53.5
530,54
530.5,54.5
531,55
531.5,55.5
532,55
532.5,54.5
533,54
533.5,53.5
534,53
534.5,53.5
535,54
535.5,54.5
536,55
536.5,55.5
537,55
537.5,54.5
538,54
538.5,53.5
539,53
539.5,52.5
540,53
540.5,53.5
541,54
541.5,54.5
542,55
542.5,55.5
543,56
543.5,56.5
544,57
544.5,57.5
545,58
545.5,58.5
546,59
546.5,59.5
547,60
547.5,60.5
548,61
548.5,61.5
549,62
549.5,62.5
550,63
550.5,63.5
551,64
551.5,64.5
552,65
552.5,65.5
553,66
553.5,66.5
554,66
554.5,65.5
555,66
555.5,66.5
556,67
556.5,66.5
557,66
557.5,66.5
558,66
558.5,65.5
559,66
559.5,66.5
560,67
560.5,67.5
561,68
561.5,68.5
562,69
562.5,69.5
563,70
563.5,69.5
564,70
564.5,70.5
565,71
565.5,71.5
566,72
566.5,72.5
567,73
567.5,73.5
568,73
568.5,72.5
569,73
569.5,73.5
570,74
570.5,74.5
571,75
571.5,75.5
572,76
572.5,76.5
573,77
573.5,76.5
574,77
574.5,76.5
575,76
575.5,76.5
576,77
576.5,77.5
577,77
577.5,76.5
578,76
578.5,75.5
579,75
579.5,74.5
580,74
580.5,73.5
581,73
581.5,73.5
582,73
582.5,72.5
583,72
583.5,72.5
584,72
584.5,71.5
585,71
585.5,70.5
586,71
586.5,71.5
587,72
587.5,72.5
588,73
588.5,73.5
589,73
589.5,72.5
590,72
590.5,71.5
591,71
591.5,70.5
592,70
592.5,69.5
593,69
593.5,69.5
594,70
594.5,69.5
595,69
595.5,68.5
596,68
596.5,68.5
597,69
597.5,69.5
598,70
598.5,70.5
599,70
599.5,69.5
600,69
600.5,69.5
601,70
601.5,70.5
602,70
602.5,69.5
603,69
603.5,68.5
604,68
604.5,67.5
605,67
605.5,67.5
606,68
606.5,68.5
607,69
607.5,69.5
608,69
608.5,68.5
609,68
609.5,67.5
610,67
610.5,66.5
611,66
611.5,65.5
612,65
612.5,65.5
613,65
613.5,65.5
614,65
614.5,64.5
615,64
615.5,63.5
616,64
616.5,63.5
617,63
617.5,62.5
618,62
618.5,62.5
619,62
619.5,62.5
620,62
620.5,61.5
621,61
621.5,60.5
622,60
622.5,59.5
623,59
623.5,58.5
624,59
624.5,59.5
625,60
625.5,59.5
626,59
626.5,58.5
627,58
627.5,57.5
628,57
628.5,56.5
629,56
629.5,56.5
630,57
630.5,57.5
631,58
631.5,58.5
632,59
632.5,59.5
633,59
633.5,58.5
634,58
634.5,57.5
635,57
635.5,56.5
636,56
636.5,55.5
637,55
637.5,54.5
638,54
638.5,53.5
639,53
639.5,52.5
640,53
640.5,53.5
641,54
641.5,54.5
642,55
642.5,55.5
643,56
643.5,56.5
644,57
644.5,57.5
645,58
645.5,58.5
646,59
646.5,59.5
647,60
647.5,59.5
648,59
648.5,58.5
649,58
649.5,57.5
650,57
650.5,57.5
651,57
651.5,57.5
652,58
652.5,58.5
653,59
653.5,59.5
654,60
654.5,60.5
655,60
655.5,60.5
656,61
656.5,61.5
657,61
657.5,60.5
658,60
658.5,59.5
659,59
659.5,58.5
660,58
660.5,57.5
661,57
661.5,57.5
662,58
662.5,58.5
663,59
663.5,59.5
664,60
664.5,59.5
665,59
665.5,58.5
666,59
666.5,59.5
667,59
667.5,58.5
668,58
668.5,57.5
669,57
669.5,57.5
670,58
670.5,58.5
671,59
671.5,59.5
672,60
672.5,60.5
673,61
673.5,61.5
674,62
674.5,62.5
675,63
675.5,63.5
676,64
676.5,63.5
677,63
677.5,62.5
678,62
678.5,61.5
679,61
679.5,60.5
680,60
680.5,60.5
681,60
681.5,60.5
682,60
682.5,59.5
683,59
683.5,58.5
684,58
684.5,57.5
685,58
685.5,58.5
686,59
686.5,58.5
687,58
687.5,57.5
688,57
688.5,57.5
689,58
689.5,58.5
690,59
690.5,59.5
691,60
691.5,60.5
692,61
692.5,61.5
693,62
693.5,61.5
694,61
694.5,60.5
695,61
695.5,61.5
696,61
696.5,60.5
697,61
697.5,61.5
698,62
698.5,61.5
699,61
699.5,60.5
700,61
700.5,60.5
701,60
701.5,60.5
702,60
702.5,59.5
703,60
703.5,60.5
704,61
704.5,60.5
705,60
705.5,59.5
706,59
706.5,58.5
707,58
707.5,57.5
708,58
708.5,58.5
709,59
709.5,59.5
710,60
710.5,60.5
711,61
711.5,61.5
712,62
712.5,62.5
713,63
713.5,63.5
714,64
714.5,64.5
715,65
715.5,65.5
716,65
716.5,64.5
717,64
717.5,63.5
718,63
718.5,62.5
719,63
719.5,63.5
720,64
720.5,64.5
721,65
721.5,65.5
722,66
722.5,65.5
723,65
723.5,64.5
724,64
724.5,63.5
725,63
725.5,63.5
726,63
726.5,62.5
727,62
727.5,61.5
728,62
728.5,61.5
729,61
729.5,60.5
730,60
730.5,59.5
731,59
731.5,58.5
732,58
732.5,57.5
733,57
733.5,57.5
734,58
734.5,57.5
735,57
735.5,57.5
736,57
736.5,56.5
737,57
737.5,56.5
738,56
738.5,56.5
739,57
739.5,57.5
740,58
740.5,58.5
741,58
741.5,57.5
742,57
742.5,56.5
743,56
743.5,55.5
744,56
744.5,55.5
745,55
745.5,54.5
746,54
746.5,53.5
747,53
747.5,52.5
748,53
748.5,53.5
749,54
749.5,53.5
750,53
750.5,53.5
751,54
751.5,54.5
752,54
752.5,53.5
753,54
753.5,54.5
754,55
754.5,54.5
755,55
755.5,55.5
756,56
756.5,56.5
757,57
757.5,57.5
758,57
758.5,57.5
759,58
759.5,57.5
760,57
760.5,56.5
761,56
761.5,55.5
762,56
762.5,56.5
763,57
763.5,57.5
764,58
764.5,58.5
765,59
765.5,59.5
766,60
766.5,60.5
767,61
767.5,61.5
768,62
768.5,61.5
769,61
769.5,60.5
770,60
770.5,59.5
771,59
771.5,58.5
772,58
772.5,57.5
773,57
773.5,56.5
774,56
774.5,56.5
775,57
775.5,57.5
776,58
776.5,58.5
777,59
777.5,59.5
778,59
778.5,58.5
779,58
779.5,57.5
780,57
780.5,56.5
781,56
781.5,55.5
782,55
782.5,54.5
783,55
783.5,54.5
784,54
784.5,53.5
785,53
785.5,52.5
786,53
786.5,53.5
787,54
787.5,54.5
788,55
788.5,54.5
789,54
789.5,53.5
790,53
790.5,52.5
791,52
791.5,52.5
792,53
792.5,52.5
793,53
793.5,53.5
794,54
794.5,53.5
795,53
795.5,52.5
796,52
796.5,51.5
797,51
797.5,51.5
798,51
798.5,51.5
799,52
799.5,51.5
800,51
800.5,50.5
801,50
801.5,49.5
802,49
802.5,48.5
803,48
803.5,47.5
804,48
804.5,48.5
805,48
805.5,47.5
806,48
806.5,48.5
807,49
807.5,49.5
808,49
808.5,48.5
809,49
809.5,49.5
810,50
810.5,49.5
811,49
811.5,49.5
812,50
812.5,49.5
813,49
813.5,49.5
814,49
814.5,48.5
815,49
815.5,49.5
816,50
816.5,50.5
817,51
817.5,51.5
818,52
818.5,52.5
819,53
819.5,53.5
820,54
820.5,54.5
821,55
821.5,55.5
822,56
822.5,56.5
823,57
823.5,57.5
824,58
824.5,58.5
825,59
825.5,58.5
826,58
826.5,57.5
827,57
827.5,56.5
828,57
828.5,57.5
829,57
829.5,56.5
830,57
830.5,57.5
831,58
831.5,58.5
832,58
832.5,57.5
833,57
833.5,56.5
834,56
834.5,56.5
835,57
835.5,57.5
836,58
836.5,57.5
837,57
837.5,56.5
838,57
838.5,57.5
839,58
839.5,58.5
840,59
840.5,59.5
841,60
841.5,59.5
842,59
842.5,59.5
843,59
843.5,58.5
844,58
844.5,57.5
845,58
845.5,58.5
846,59
846.5,59.5
847,60
847.5,60.5
848,61
848.5,61.5
849,62
849.5,62.5
850,62
850.5,61.5
851,62
851.5,61.5
852,61
852.5,60.5
853,60
853.5,59.5
854,59
854.5,58.5
855,58
855.5,57.5
856,57
856.5,56.5
857,56
857.5,55.5
858,55
858.5,54.5
859,54
859.5,53.5
860,53
860.5,52.5
861,52
861.5,51.5
862,51
862.5,50.5
863,51
863.5,51.5
864,52
864.5,51.5
865,51
865.5,50.5
866,50
866.5,49.5
867,49
867.5,49.5
868,50
868.5,49.5
869,50
869.5,50.5
870,51
870.5,51.5
871,52
871.5,52.5
872,53
872.5,52.5
873,52
873.5,51.5
874,51
874.5,50.5
875,50
875.5,49.5
876,49
876.5,49.5
877,50
877.5,50.5
878,50
878.5,49.5
879,49
879.5,48.5
880,48
880.5,48.5
881,49
881.5,49.5
882,50
882.5,50.5
883,51
883.5,51.5
884,51
884.5,51.5
885,51
885.5,51.5
886,52
886.5,52.5
887,53
887.5,52.5
888,52
888.5,52.5
889,52
889.5,51.5
890,51
890.5,50.5
891,50
891.5,49.5
892,49
892.5,49.5
893,50
893.5,49.5
894,49
894.5,49.5
895,50
895.5,50.5
896,51
896.5,50.5
897,50
897.5,49.5
898,50
898.5,50.5
899,51
899.5,50.5
900,50
900.5,49.5
901,50
901.5,50.5
902,51
902.5,51.5
903,52
903.5,52.5
904,53
904.5,53.5
905,54
905.5,54.5
906,55
906.5,55.5
907,56
907.5,56.5
908,57
908.5,57.5
909,58
909.5,58.5
910,59
910.5,59.5
911,59
911.5,58.5
912,58
912.5,57.5
913,57
913.5,56.5
914,57
914.5,57.5
915,58
915.5,58.5
916,59
916.5,59.5
917,59
917.5,58.5
918,58
918.5,57.5
919,57
919.5,57.5
920,58
920.5,57.5
921,57
921.5,56.5
922,56
922.5,55.5
923,55
923.5,54.5
924,54
924.5,53.5
925,53
925.5,52.5
926,52
926.5,51.5
927,51
927.5,50.5
928,51
928.5,50.5
929,50
929.5,50.5
930,51
930.5,51.5
931,52
931.5,52.5
932,53
932.5,52.5
933,52
933.5,51.5
934,51
934.5,51.5
935,52
935.5,52.5
936,53
936.5,53.5
937,54
937.5,54.5
938,55
938.5,55.5
939,56
939.5,55.5
940,56
940.5,56.5
941,57
941.5,57.5
942,57
942.5,56.5
943,56
943.5,56.5
944,57
944.5,57.5
945,58
945.5,58.5
946,59
946.5,58.5
947,58
947.5,57.5
948,57
948.5,56.5
949,56
949.5,55.5
950,56
950.5,56.5
951,57
951.5,57.5
952,58
952.5,58.5
953,59
953.5,59.5
954,59
954.5,58.5
955,59
955.5,59.5
956,60
956.5,60.5
957,61
957.5,61.5
958,62
958.5,62.5
959,62
959.5,61.5
960,61
960.5,61.5
961,62
961.5,61.5
962,61
962.5,60.5
963,60
963.5,59.5
964,59
964.5,59.5
965,60
965.5,60.5
966,61
966.5,61.5
967,61
967.5,60.5
968,60
968.5,59.5
969,59
969.5,58.5
970,58
970.5,57.5
971,57
971.5,56.5
972,56
972.5,56.5
973,57
973.5,57.5
974,58
974.5,57.5
975,57
975.5,56.5
976,56
976.5,55.5
977,55
977.5,55.5
978,56
978.5,56.5
979,57
979.5,56.5
980,57
980.5,57.5
981,58
981.5,58.5
982,58
982.5,57.5
983,57
983.5,56.5
984,56
984.5,56.5
985,57
985.5,57.5
986,58
986.5,58.5
987,58
987.5,57.5
988,57
988.5,56.5
989,56
989.5,55.5
990,55
990.5,54.5
991,54
991.5,53.5
992,53
992.5,52.5
993,52
993.5,51.5
994,52
994.5,52.5
995,53
995.5,53.5
996,54
996.5,54.5
997,55
997.5,55.5
998,56
998.5,56.5
999,56
999.5,55.5
1000,55
1000.5,54.5
1001,54
1001.5,53.5
1002,54
1002.5,54.5
1003,55
1003.5,55.5
1004,55
1004.5,55.5
1005,56
1005.5,55.5
1006,55
1006.5,55.5
1007,56
1007.5,56.5
1008,57
1008.5,57.5
1009,58
1009.5,58.5
1010,58
1010.5,57.5
1011,57
1011.5,56.5
1012,56
1012.5,55.5
1013,55
1013.5,54.5
1014,54
1014.5,53.5
1015,54
1015.5,53.5
1016,53
1016.5,53.5
1017,54
1017.5,54.5
1018,54
1018.5,53.5
1019,53
1019.5,52.5
1020,52
1020.5,51.5
1021,51
1021.5,50.5
1022,51
1022.5,51.5
1023,51
1023.5,51.5
1024,52
1024.5,52.5
1025,53
1025.5,52.5
1026,52
1026.5,51.5
1027,51
1027.5,50.5
1028,50
1028.5,50.5
1029,50
1029.5,49.5
1030,49
1030.5,48.5
1031,49
1031.5,49.5
1032,50
1032.5,50.5
1033,51
1033.5,50.5
1034,50
1034.5,49.5
1035,50
1035.5,49.5
1036,50
1036.5,50.5
1037,51
1037.5,51.5
1038,52
1038.5,52.5
1039,53
1039.5,53.5
1040,54
1040.5,53.5
1041,53
1041.5,52.5
1042,53
1042.5,53.5
1043,54
1043.5,54.5
1044,55
1044.5,55.5
1045,56
1045.5,56.5
1046,57
1046.5,56.5
1047,56
1047.5,56.5
1048,57
1048.5,57.5
1049,58
1049.5,58.5
1050,59
1050.5,59.5
1051,60
1051.5,60.5
1052,61
1052.5,61.5
1053,61
1053.5,61.5
1054,62
1054.5,61.5
1055,62
1055.5,62.5
1056,63
1056.5,63.5
1057,64
1057.5,64.5
1058,64
1058.5,63.5
1059,63
1059.5,62.5
1060,63
1060.5,63.5
1061,64
1061.5,64.5
1062,65
1062.5,65.5
1063,66
1063.5,66.5
1064,67
1064.5,67.5
1065,67
1065.5,66.5
1066,66
1066.5,65.5
1067,65
1067.5,64.5
1068,65
1068.5,65.5
1069,66
1069.5,65.5
1070,65
1070.5,64.5
1071,64
1071.5,64.5
1072,65
1072.5,65.5
1073,66
1073.5,65.5
1074,65
1074.5,65.5
1075,66
1075.5,66.5
1076,67
1076.5,66.5
1077,66
1077.5,65.5
1078,65
1078.5,65.5
1079,66
1079.5,66.5
1080,67
1080.5,67.5
1081,68
1081.5,68.5
1082,69
1082.5,69.5
1083,70
1083.5,70.5
1084,71
1084.5,71.5
1085,72
1085.5,72.5
1086,72
1086.5,71.5
1087,71
1087.5,70.5
1088,70
1088.5,69.5
1089,69
1089.5,68.5
1090,68
1090.5,67.5
1091,67
1091.5,66.5
1092,66
1092.5,65.5
1093,66
1093.5,66.5
1094,67
1094.5,66.5
1095,67
1095.5,67.5
1096,68
1096.5,67.5
1097,67
1097.5,67.5
1098,68
1098.5,68.5
1099,69
1099.5,69.5
1100,70
1100.5,70.5
1101,71
1101.5,71.5
1102,72
1102.5,71.5
1103,71
1103.5,71.5
1104,72
1104.5,72.5
1105,73
1105.5,72.5
1106,72
1106.5,72.5
1107,72
1107.5,71.5
1108,72
1108.5,72.5
1109,73
1109.5,72.5
1110,72
1110.5,71.5
1111,71
1111.5,70.5
1112,70
1112.5,69.5
1113,69
1113.5,68.5
1114,69
1114.5,69.5
1115,70
1115.5,70.5
1116,71
1116.5,71.5
1117,72
1117.5,71.5
1118,72
1118.5,71.5
1119,71
1119.5,70.5
1120,70
1120.5,69.5
1121,69
1121.5,68.5
1122,68
1122.5,68.5
1123,69
1123.5,68.5
1124,69
1124.5,69.5
1125,69
1125.5,68.5
1126,69
1126.5,69.5
1127,70
1127.5,70.5
1128,71
1128.5,71.5
1129,72
1129.5,72.5
1130,72
1130.5,72.5
1131,73
1131.5,73.5
1132,74
1132.5,74.5
1133,75
1133.5,74.5
1134,74
1134.5,73.5
1135,74
1135.5,74.5
1136,75
1136.5,75.5
1137,76
1137.5,76.5
1138,77
1138.5,77.5
1139,77
1139.5,76.5
1140,77
1140.5,77.5
1141,78
1141.5,78.5
1142,79
1142.5,79.5
1143,79
1143.5,78.5
1144,79
1144.5,78.5
1145,78
1145.5,77.5
1146,78
1146.5,78.5
1147,79
1147.5,78.5
1148,78
1148.5,77.5
1149,78
1149.5,77.5
1150,77
1150.5,76.5
1151,76
1151.5,75.5
1152,75
1152.5,74.5
1153,74
1153.5,73.5
1154,73
1154.5,72.5
1155,72
1155.5,71.5
1156,71
1156.5,70.5
1157,70
1157.5,69.5
1158,69
1158.5,68.5
1159,68
1159.5,67.5
1160,67
1160.5,66.5
1161,66
1161.5,65.5
1162,65
1162.5,64.5
1163,64
1163.5,64.5
1164,64
1164.5,63.5
1165,64
1165.5,64.5
1166,65
1166.5,64.5
1167,64
1167.5,63.5
1168,64
1168.5,64.5
1169,65
1169.5,65.5
1170,65
1170.5,64.5
1171,65
1171.5,65.5
1172,66
1172.5,65.5
1173,66
1173.5,66.5
1174,67
1174.5,67.5
1175,67
1175.5,66.5
1176,66
1176.5,65.5
1177,65
1177.5,65.5
1178,66
1178.5,66.5
1179,67
1179.5,66.5
1180,67
1180.5,67.5
1181,68
1181.5,68.5
1182,69
1182.5,69.5
1183,69
1183.5,69.5
1184,70
1184.5,70.5
1185,71
1185.5,71.5
1186,72
1186.5,72.5
1187,72
1187.5,71.5
1188,72
1188.5,72.5
1189,73
1189.5,73.5
1190,74
1190.5,74.5
1191,74
1191.5,73.5
1192,73
1192.5,73.5
1193,74
1193.5,73.5
1194,73
1194.5,72.5
1195,72
1195.5,71.5
1196,71
1196.5,70.5
1197,70
1197.5,69.5
1198,69
1198.5,68.5
1199,68
1199.5,67.5
1200,68
1200.5,67.5
1201,68
1201.5,67.5
1202,67
1202.5,66.5
1203,66
1203.5,65.5
1204,65
1204.5,64.5
1205,64
1205.5,63.5
1206,63
1206.5,62.5
1207,62
1207.5,61.5
1208,61
1208.5,60.5
1209,60
1209.5,59.5
1210,60
1210.5,60.5
1211,61
1211.5,61.5
1212,61
1212.5,60.5
1213,60
1213.5,59.5
1214,59
1214.5,58.5
1215,58
1215.5,57.5
1216,57
1216.5,57.5
1217,58
1217.5,58.5
1218,59
1218.5,59.5
1219,59
1219.5,58.5
1220,58
1220.5,57.5
1221,57
1221.5,56.5
1222,57
1222.5,57.5
1223,58
1223.5,58.5
1224,59
1224.5,59.5
1225,60
1225.5,60.5
1226,61
1226.5,61.5
1227,62
1227.5,62.5
1228,62
1228.5,61.5
1229,62
1229.5,62.5
1230,63
1230.5,62.5
1231,62
1231.5,61.5
1232,61
1232.5,60.5
1233,60
1233.5,59.5
1234,59
1234.5,58.5
1235,58
1235.5,57.5
1236,57
1236.5,56.5
1237,56
1237.5,56.5
1238,57
1238.5,57.5
1239,58
1239.5,58.5
1240,59
1240.5,59.5
1241,60
1241.5,59.5
1242,60
1242.5,60.5
1243,61
1243.5,61.5
1244,62
1244.5,62.5
1245,62
1245.5,61.5
1246,61
1246.5,60.5
1247,60
1247.5,59.5
1248,59
1248.5,58.5
1249,59
1249.5,58.5
1250,58
1250.5,57.5
1251,57
1251.5,56.5
1252,56
1252.5,55.5
1253,56
1253.5,56.5
1254,57
1254.5,57.5
1255,58
1255.5,58.5
1256,59
1256.5,59.5
1257,60
1257.5,60.5
1258,61
1258.5,61.5
1259,61
1259.5,61.5
1260,61
1260.5,61.5
1261,61
1261.5,60.5
1262,60
1262.5,59.5
1263,60
1263.5,59.5
1264,59
1264.5,58.5
1265,58
1265.5,57.5
1266,57
1266.5,56.5
1267,57
1267.5,57.5
1268,58
1268.5,58.5
1269,59
1269.5,59.5
1270,60
1270.5,60.5
1271,61
1271.5,60.5
1272,60
1272.5,59.5
1273,59
1273.5,58.5
1274,58
1274.5,57.5
1275,57
1275.5,56.5
1276,57
1276.5,57.5
1277,57
1277.5,56.5
1278,57
1278.5,57.5
1279,58
1279.5,58.5
1280,59
1280.5,59.5
1281,60
1281.5,60.5
1282,61
1282.5,60.5
1283,61
1283.5,61.5
1284,62
1284.5,61.5
1285,61
1285.5,60.5
1286,60
1286.5,59.5
1287,59
1287.5,59.5
1288,60
1288.5,60.5
1289,61
1289.5,61.5
1290,62
1290.5,62.5
1291,63
1291.5,63.5
1292,64
1292.5,64.5
1293,65
1293.5,65.5
1294,66
1294.5,65.5
1295,65
1295.5,65.5
1296,66
1296.5,66.5
1297,67
1297.5,67.5
1298,68
1298.5,68.5
1299,69
1299.5,69.5
1300,69
1300.5,69.5
1301,70
1301.5,69.5
1302,70
1302.5,69.5
1303,69
1303.5,68.5
1304,68
1304.5,67.5
1305,68
1305.5,68.5
1306,69
1306.5,69.5
1307,69
1307.5,68.5
1308,68
1308.5,67.5
1309,67
1309.5,67.5
1310,68
1310.5,68.5
1311,69
1311.5,69.5
1312,70
1312.5,70.5
1313,71
1313.5,71.5
1314,72
1314.5,71.5
1315,71
1315.5,71.5
1316,72
1316.5,71.5
1317,72
1317.5,72.5
1318,73
1318.5,73.5
1319,74
1319.5,74.5
1320,74
1320.5,73.5
1321,73
1321.5,73.5
1322,74
1322.5,74.5
1323,75
1323.5,74.5
1324,75
1324.5,75.5
1325,76
1325.5,76.5
1326,77
1326.5,77.5
1327,78
1327.5,78.5
1328,78
1328.5,77.5
1329,77
1329.5,76.5
1330,76
1330.5,75.5
1331,75
1331.5,74.5
1332,75
1332.5,75.5
1333,76
1333.5,76.5
1334,77
1334.5,76.5
1335,76
1335.5,76.5
1336,76
1336.5,76.5
1337,77
1337.5,77.5
1338,77
1338.5,76.5
1339,76
1339.5,75.5
1340,75
1340.5,75.5
1341,75
1341.5,75.5
1342,76
1342.5,75.5
1343,75
1343.5,75.5
1344,76
1344.5,76.5
1345,77
1345.5,76.5
1346,76
1346.5,75.5
1347,75
1347.5,74.5
1348,74
1348.5,73.5
1349,73
1349.5,72.5
1350,72
1350.5,71.5
1351,71
1351.5,70.5
1352,70
1352.5,69.5
1353,69
1353.5,68.5
1354,68
1354.5,67.5
1355,67
1355.5,66.5
1356,67
1356.5,67.5
1357,68
1357.5,68.5
1358,69
1358.5,69.5
1359,70
1359.5,69.5
1360,69
1360.5,69.5
1361,70
1361.5,70.5
1362,71
1362.5,71.5
1363,72
1363.5,72.5
1364,73
1364.5,73.5
1365,73
1365.5,72.5
1366,72
1366.5,71.5
1367,71
1367.5,70.5
1368,70
1368.5,69.5
1369,69
1369.5,68.5
1370,68
1370.5,67.5
1371,67
1371.5,66.5
1372,66
1372.5,65.5
1373,66
1373.5,66.5
1374,67
1374.5,67.5
1375,68
1375.5,68.5
1376,69
1376.5,68.5
1377,69
1377.5,69.5
1378,70
1378.5,70.5
1379,71
1379.5,70.5
1380,70
1380.5,69.5
1381,69
1381.5,68.5
1382,69
1382.5,69.5
1383,69
1383.5,69.5
1384,69
1384.5,68.5
1385,68
1385.5,67.5
1386,67
1386.5,66.5
1387,66
1387.5,65.5
1388,65
1388.5,64.5
1389,64
1389.5,63.5
1390,63
1390.5,63.5
1391,63
1391.5,62.5
1392,63
1392.5,63.5
1393,63
1393.5,62.5
1394,62
1394.5,61.5
1395,61
1395.5,60.5
1396,61
1396.5,61.5
1397,62
1397.5,62.5
1398,63
1398.5,63.5
1399,63
1399.5,62.5
1400,63
1400.5,63.5
1401,63
1401.5,62.5
1402,62
1402.5,61.5
1403,61
1403.5,60.5
1404,60
1404.5,59.5
1405,59
1405.5,58.5
1406,58
1406.5,58.5
1407,59
1407.5,59.5
1408,60
1408.5,60.5
1409,61
1409.5,61.5
1410,62
1410.5,62.5
1411,63
1411.5,63.5
1412,63
1412.5,62.5
1413,62
1413.5,61.5
1414,61
1414.5,60.5
1415,61
1415.5,61.5
1416,62
1416.5,62.5
1417,62
1417.5,61.5
1418,61
1418.5,60.5
1419,60
1419.5,59.5
1420,59
1420.5,58.5
1421,58
1421.5,57.5
1422,57
1422.5,56.5
1423,56
1423.5,55.5
1424,55
1424.5,54.5
1425,55
1425.5,55.5
1426,56
1426.5,55.5
1427,56
1427.5,56.5
1428,56
1428.5,55.5
1429,55
1429.5,54.5
1430,54
1430.5,53.5
1431,53
1431.5,52.5
1432,52
1432.5,52.5
1433,53
1433.5,52.5
1434,52
1434.5,51.5
1435,51
1435.5,51.5
1436,51
1436.5,50.5
1437,50
1437.5,50.5
1438,50
1438.5,49.5
1439,49
1439.5,49.5
1440,50
1440.5,50.5
1441,51
1441.5,50.5
1442,50
1442.5,49.5
1443,49
1443.5,48.5
1444,48
1444.5,47.5
1445,47
1445.5,46.5
1446,46
1446.5,45.5
1447,45
1447.5,44.5
1448,44
1448.5,43.5
1449,43
1449.5,42.5
1450,42
1450.5,41.5
1451,41
1451.5,40.5
1452,40
1452.5,39.5
1453,40
1453.5,40.5
1454,41
1454.5,41.5
1455,42
1455.5,41.5
1456,41
1456.5,40.5
1457,40
1457.5,40.5
1458,41
1458.5,41.5
1459,41
1459.5,40.5
1460,40
1460.5,39.5
1461,39
1461.5,38.5
1462,38
1462.5,37.5
1463,37
1463.5,36.5
1464,36
1464.5,35.5
1465,35
1465.5,34.5
1466,34
1466.5,33.5
1467,34
1467.5,34.5
1468,35
1468.5,34.5
1469,34
1469.5,33.5
1470,33
1470.5,32.5
1471,32
1471.5,31.5
1472,31
1472.5,30.5
1473,30
1473.5,29.5
1474,29
1474.5,28.5
1475,29
1475.5,29.5
1476,30
1476.5,30.5
1477,31
1477.5,31.5
1478,32
1478.5,32.5
1479,33
1479.5,33.5
1480,34
1480.5,34.5
1481,35
1481.5,35.5
1482,36
1482.5,36.5
1483,36
1483.5,36.5
1484,37
1484.5,37.5
1485,38
1485.5,38.5
1486,39
1486.5,39.5
1487,40
1487.5,40.5
1488,41
1488.5,40.5
1489,41
1489.5,41.5
1490,42
1490.5,42.5
1491,43
1491.5,43.5
1492,43
1492.5,42.5
1493,42
1493.5,42.5
1494,43
1494.5,43.5
1495,43
1495.5,43.5
1496,43
1496.5,42.5
1497,42
1497.5,41.5
1498,41
1498.5,40.5
1499,41
1499.5,40.5
1500,40
1500.5,39.5
1501,39
1501.5,38.5
1502,38
1502.5,38.5
1503,38
1503.5,38.5
1504,39
1504.5,39.5
1505,40
1505.5,40.5
1506,41
1506.5,40.5
1507,40
1507.5,39.5
1508,39
1508.5,38.5
1509,39
1509.5,39.5
1510,40
1510.5,40.5
1511,41
1511.5,41.5
1512,42
1512.5,42.5
1513,42
1513.5,41.5
1514,41
1514.5,41.5
1515,42
1515.5,42.5
1516,43
1516.5,43.5
1517,43
1517.5,42.5
1518,42
1518.5,41.5
1519,41
1519.5,40.5
1520,40
1520.5,40.5
1521,41
1521.5,41.5
1522,42
1522.5,42.5
1523,42
1523.5,41.5
1524,41
1524.5,40.5
1525,40
1525.5,39.5
1526,39
1526.5,38.5
1527,38
1527.5,38.5
1528,38
1528.5,37.5
1529,37
1529.5,36.5
1530,36
1530.5,35.5
1531,35
1531.5,35.5
1532,36
1532.5,36.5
1533,37
1533.5,37.5
1534,37
1534.5,36.5
1535,36
1535.5,35.5
1536,36
1536.5,36.5
1537,37
1537.5,37.5
1538,37
1538.5,36.5
1539,36
1539.5,36.5
1540,36
1540.5,35.5
1541,35
1541.5,35.5
1542,36
1542.5,35.5
1543,35
1543.5,34.5
1544,34
1544.5,33.5
1545,33
1545.5,32.5
1546,33
1546.5,33.5
1547,34
1547.5,33.5
1548,33
1548.5,32.5
1549,32
1549.5,32.5
1550,33
1550.5,32.5
1551,32
1551.5,32.5
1552,33
1552.5,33.5
1553,34
1553.5,34.5
1554,35
1554.5,35.5
1555,36
1555.5,36.5
1556,36
1556.5,35.5
1557,35
1557.5,34.5
1558,34
1558.5,33.5
1559,34
1559.5,34.5
1560,35
1560.5,35.5
1561,36
1561.5,35.5
1562,36
1562.5,36.5
1563,37
1563.5,37.5
1564,38
1564.5,37.5
1565,38
1565.5,38.5
1566,39
1566.5,39.5
1567,39
1567.5,38.5
1568,39
1568.5,39.5
1569,40
1569.5,40.5
1570,41
1570.5,41.5
1571,42
1571.5,42.5
1572,43
1572.5,42.5
1573,42
1573.5,42.5
1574,43
1574.5,43.5
1575,44
1575.5,44.5
1576,45
1576.5,45.5
1577,46
1577.5,46.5
1578,46
1578.5,45.5
1579,45
1579.5,45.5
1580,46
1580.5,46.5
1581,47
1581.5,47.5
1582,48
1582.5,48.5
1583,49
1583.5,49.5
1584,49
1584.5,48.5
1585,49
1585.5,48.5
1586,48
1586.5,47.5
1587,47
1587.5,46.5
1588,47
1588.5,47.5
1589,48
1589.5,48.5
1590,49
1590.5,48.5
1591,48
1591.5,48.5
1592,49
1592.5,49.5
1593,49
1593.5,48.5
1594,49
1594.5,49.5
1595,49
1595.5,48.5
1596,48
1596.5,48.5
1597,48
1597.5,48.5
1598,49
1598.5,49.5
1599,50
1599.5,49.5
1600,49
1600.5,49.5
1601,50
1601.5,50.5
1602,51
1602.5,50.5
1603,50
1603.5,50.5
1604,51
1604.5,51.5
1605,52
1605.5,52.5
1606,52
1606.5,51.5
1607,51
1607.5,50.5
1608,50
1608.5,49.5
1609,50
1609.5,50.5
1610,51
1610.5,51.5
1611,52
1611.5,52.5
1612,52
1612.5,51.5
1613,52
1613.5,51.5
1614,52
1614.5,52.5
1615,53
1615.5,53.5
1616,53
1616.5,53.5
1617,54
1617.5,54.5
1618,55
1618.5,55.5
1619,56
1619.5,56.5
1620,57
1620.5,57.5
1621,58
1621.5,58.5
1622,59
1622.5,59.5
1623,60
1623.5,59.5
1624,59
1624.5,58.5
1625,59
1625.5,59.5
1626,60
1626.5,60.5
1627,60
1627.5,60.5
1628,61
1628.5,61.5
1629,62
1629.5,62.5
1630,63
1630.5,62.5
1631,62
1631.5,61.5
1632,61
1632.5,60.5
1633,60
1633.5,59.5
1634,60
1634.5,60.5
1635,61
1635.5,61.5
1636,61
1636.5,61.5
1637,61
1637.5,60.5
1638,60
1638.5,59.5
1639,59
1639.5,58.5
1640,58
1640.5,57.5
1641,57
1641.5,56.5
1642,57
1642.5,57.5
1643,58
1643.5,58.5
1644,59
1644.5,59.5
1645,60
1645.5,59.5
1646,59
1646.5,58.5
1647,58
1647.5,58.5
1648,59
1648.5,58.5
1649,58
1649.5,57.5
1650,57
1650.5,56.5
1651,57
1651.5,57.5
1652,58
1652.5,58.5
1653,59
1653.5,59.5
1654,59
1654.5,58.5
1655,58
1655.5,57.5
1656,57
1656.5,56.5
1657,57
1657.5,57.5
1658,58
1658.5,58.5
1659,59
1659.5,59.5
1660,60
1660.5,59.5
1661,59
1661.5,59.5
1662,60
1662.5,59.5
1663,59
1663.5,58.5
1664,58
1664.5,57.5
1665,57
1665.5,56.5
1666,56
1666.5,55.5
1667,55
1667.5,54.5
1668,54
1668.5,53.5
1669,53
1669.5,52.5
1670,53
1670.5,53.5
1671,54
1671.5,54.5
1672,54
1672.5,53.5
1673,53
1673.5,52.5
1674,52
1674.5,51.5
1675,52
1675.5,52.5
1676,53
1676.5,52.5
1677,52
1677.5,51.5
1678,51
1678.5,51.5
1679,52
1679.5,52.5
1680,53
1680.5,53.5
1681,54
1681.5,54.5
1682,55
1682.5,55.5
1683,56
1683.5,56.5
1684,57
1684.5,57.5
1685,58
1685.5,57.5
1686,58
1686.5,58.5
1687,59
1687.5,59.5
1688,59
1688.5,58.5
1689,58
1689.5,57.5
1690,57
1690.5,56.5
1691,57
1691.5,56.5
1692,57
1692.5,56.5
1693,56
1693.5,55.5
1694,55
1694.5,54.5
1695,54
1695.5,53.5
1696,53
1696.5,52.5
1697,53
1697.5,53.5
1698,54
1698.5,54.5
1699,55
1699.5,55.5
1700,55
1700.5,55.5
1701,56
1701.5,56.5
1702,57
1702.5,57.5
1703,58
1703.5,58.5
1704,59
1704.5,59.5
1705,60
1705.5,60.5
1706,61
1706.5,61.5
1707,62
1707.5,62.5
1708,63
1708.5,63.5
1709,63
1709.5,62.5
1710,62
1710.5,61.5
1711,61
1711.5,60.5
1712,60
1712.5,59.5
1713,59
1713.5,59.5
1714,60
1714.5,59.5
1715,59
1715.5,58.5
1716,59
1716.5,59.5
1717,60
1717.5,59.5
1718,59
1718.5,58.5
1719,59
1719.5,59.5
1720,60
1720.5,60.5
1721,61
1721.5,61.5
1722,62
1722.5,61.5
1723,61
1723.5,60.5
1724,61
1724.5,61.5
1725,62
1725.5,62.5
1726,62
1726.5,62.5
1727,63
1727.5,62.5
1728,63
1728.5,63.5
1729,63
1729.5,62.5
1730,62
1730.5,61.5
1731,62
1731.5,61.5
1732,61
1732.5,60.5
1733,61
1733.5,60.5
1734,60
1734.5,59.5
1735,59
1735.5,58.5
1736,59
1736.5,59.5
1737,59
1737.5,58.5
1738,59
1738.5,59.5
1739,59
1739.5,58.5
1740,58
1740.5,57.5
1741,58
1741.5,57.5
1742,57
1742.5,56.5
1743,56
1743.5,55.5
1744,55
1744.5,54.5
1745,55
1745.5,55.5
1746,56
1746.5,56.5
1747,56
1747.5,55.5
1748,55
1748.5,54.5
1749,54
1749.5,53.5
1750,53
1750.5,52.5
1751,53
1751.5,53.5
1752,54
1752.5,54.5
1753,55
1753.5,55.5
1754,56
1754.5,56.5
1755,56
1755.5,55.5
1756,55
1756.5,54.5
1757,55
1757.5,55.5
1758,56
1758.5,56.5
1759,57
1759.5,57.5
1760,58
1760.5,58.5
1761,59
1761.5,58.5
1762,58
1762.5,57.5
1763,57
1763.5,56.5
1764,57
1764.5,56.5
1765,57
1765.5,56.5
1766,56
1766.5,55.5
1767,55
1767.5,54.5
1768,54
1768.5,53.5
1769,53
1769.5,52.5
1770,53
1770.5,53.5
1771,54
1771.5,54.5
1772,54
1772.5,53.5
1773,53
1773.5,53.5
1774,54
1774.5,54.5
1775,54
1775.5,53.5
1776,54
1776.5,54.5
1777,54
1777.5,53.5
1778,53
1778.5,52.5
1779,52
1779.5,51.5
1780,51
1780.5,50.5
1781,50
1781.5,50.5
1782,51
1782.5,50.5
1783,50
1783.5,49.5
1784,49
1784.5,49.5
1785,50
1785.5,50.5
1786,50
1786.5,50.5
1787,50
1787.5,50.5
1788,51
1788.5,51.5
1789,51
1789.5,50.5
1790,50
1790.5,49.5
1791,49
1791.5,48.5
1792,48
1792.5,47.5
1793,47
1793.5,46.5
1794,46
1794.5,45.5
1795,46
1795.5,45.5
1796,45
1796.5,44.5
1797,45
1797.5,45.5
1798,45
1798.5,45.5
1799,45
1799.5,44.5
1800,44
1800.5,43.5
1801,43
1801.5,42.5
1802,42
1802.5,42.5
1803,43
1803.5,42.5
1804,43
1804.5,43.5
1805,44
1805.5,44.5
1806,44
1806.5,43.5
1807,43
1807.5,43.5
1808,44
1808.5,43.5
1809,43
1809.5,42.5
1810,42
1810.5,41.5
1811,41
1811.5,40.5
1812,40
1812.5,39.5
1813,39
1813.5,39.5
1814,40
1814.5,40.5
1815,41
1815.5,41.5
1816,42
1816.5,42.5
1817,43
1817.5,42.5
1818,42
1818.5,41.5
1819,41
1819.5,41.5
1820,42
1820.5,41.5
1821,42
1821.5,41.5
1822,41
1822.5,41.5
1823,42
1823.5,41.5
1824,41
1824.5,40.5
1825,41
1825.5,40.5
1826,40
1826.5,39.5
1827,40
1827.5,40.5
1828,40
1828.5,40.5
1829,40
1829.5,40.5
1830,41
1830.5,41.5
1831,42
1831.5,42.5
1832,43
1832.5,43.5
1833,44
1833.5,44.5
1834,45
1834.5,45.5
1835,46
1835.5,46.5
1836,46
1836.5,45.5
1837,45
1837.5,44.5
1838,44
1838.5,43.5
1839,43
1839.5,42.5
1840,42
1840.5,41.5
1841,41
1841.5,40.5
1842,40
1842.5,39.5
1843,39
1843.5,38.5
1844,38
1844.5,37.5
1845,38
1845.5,38.5
1846,39
1846.5,38.5
1847,39
1847.5,39.5
1848,40
1848.5,40.5
1849,41
1849.5,40.5
1850,41
1850.5,40.5
1851,40
1851.5,39.5
1852,39
1852.5,38.5
1853,38
1853.5,37.5
1854,38
1854.5,38.5
1855,38
1855.5,37.5
1856,37
1856.5,36.5
1857,36
1857.5,35.5
1858,35
1858.5,34.5
1859,34
1859.5,33.5
1860,33
1860.5,32.5
1861,32
1861.5,31.5
1862,31
1862.5,30.5
1863,30
1863.5,29.5
1864,29
1864.5,28.5
1865,28
1865.5,27.5
1866,28
1866.5,28.5
1867,29
1867.5,29.5
1868,30
1868.5,30.5
1869,31
1869.5,30.5
1870,30
1870.5,29.5
1871,29
1871.5,28.5
1872,28
1872.5,28.5
1873,29
1873.5,29.5
1874,29
1874.5,28.5
1875,28
1875.5,27.5
1876,27
1876.5,26.5
1877,26
1877.5,26.5
1878,27
1878.5,26.5
1879,26
1879.5,25.5
1880,26
1880.5,26.5
1881,26
1881.5,25.5
1882,25
1882.5,24.5
1883,24
1883.5,23.5
1884,23
1884.5,22.5
1885,22
1885.5,22.5
1886,23
1886.5,23.5
1887,23
1887.5,23.5
1888,24
1888.5,24.5
1889,25
1889.5,24.5
1890,24
1890.5,24.5
1891,25
1891.5,25.5
1892,26
1892.5,25.5
1893,25
1893.5,24.5
1894,24
1894.5,23.5
1895,23
1895.5,23.5
1896,24
1896.5,24.5
1897,25
1897.5,24.5
1898,25
1898.5,25.5
1899,26
1899.5,26.5
1900,27
1900.5,27.5
1901,28
1901.5,28.5
1902,29
1902.5,29.5
1903,29
1903.5,29.5
1904,30
1904.5,30.5
1905,31
1905.5,30.5
1906,30
1906.5,30.5
1907,31
1907.5,31.5
1908,31
1908.5,30.5
1909,30
1909.5,30.5
1910,31
1910.5,31.5
1911,32
1911.5,32.5
1912,33
1912.5,32.5
1913,32
1913.5,31.5
1914,31
1914.5,30.5
1915,30
1915.5,29.5
1916,29
1916.5,29.5
1917,30
1917.5,30.5
1918,30
1918.5,29.5
1919,29
1919.5,28.5
1920,28
1920.5,27.5
1921,27
1921.5,26.5
1922,26
1922.5,25.5
1923,25
1923.5,25.5
1924,26
1924.5,25.5
1925,25
1925.5,24.5
1926,24
1926.5,23.5
1927,23
1927.5,23.5
1928,24
1928.5,23.5
1929,24
1929.5,24.5
1930,25
1930.5,25.5
1931,26
1931.5,26.5
1932,27
1932.5,27.5
1933,28
1933.5,28.5
1934,29
1934.5,28.5
1935,29
1935.5,29.5
1936,30
1936.5,30.5
1937,31
1937.5,31.5
1938,32
1938.5,31.5
1939,32
1939.5,32.5
1940,33
1940.5,33.5
1941,34
1941.5,34.5
1942,35
1942.5,34.5
1943,35
1943.5,35.5
1944,36
1944.5,36.5
1945,37
1945.5,36.5
1946,36
1946.5,35.5
1947,35
1947.5,34.5
1948,34
1948.5,33.5
1949,33
1949.5,32.5
1950,32
1950.5,31.5
1951,32
1951.5,32.5
1952,33
1952.5,32.5
1953,32
1953.5,31.5
1954,32
1954.5,31.5
1955,31
1955.5,30.5
1956,30
1956.5,30.5
1957,31
1957.5,31.5
1958,32
1958.5,32.5
1959,33
1959.5,33.5
1960,33
1960.5,32.5
1961,33
1961.5,33.5
1962,34
1962.5,34.5
1963,34
1963.5,33.5
1964,33
1964.5,32.5
1965,32
1965.5,31.5
1966,31
1966.5,30.5
1967,30
1967.5,29.5
1968,30
1968.5,30.5
1969,31
1969.5,31.5
1970,31
1970.5,30.5
1971,30
1971.5,29.5
1972,30
1972.5,30.5
1973,31
1973.5,31.5
1974,31
1974.5,31.5
1975,32
1975.5,32.5
1976,32
1976.5,31.5
1977,31
1977.5,30.5
1978,30
1978.5,29.5
1979,29
1979.5,29.5
1980,30
1980.5,30.5
1981,31
1981.5,31.5
1982,31
1982.5,30.5
1983,30
1983.5,29.5
1984,29
1984.5,28.5
1985,29
1985.5,29.5
1986,29
1986.5,29.5
1987,30
1987.5,30.5
1988,31
1988.5,31.5
1989,32
1989.5,32.5
1990,33
1990.5,32.5
1991,32
1991.5,31.5
1992,31
1992.5,30.5
1993,30
1993.5,29.5
1994,29
1994.5,28.5
1995,28
1995.5,27.5
1996,28
1996.5,28.5
1997,29
1997.5,28.5
1998,28
1998.5,28.5
1999,29
1999.5,29.5
2000,30
2000.5,30.5
2001,31
2001.5,31.5
2002,32
2002.5,31.5
2003,32
2003.5,31.5
2004,31
2004.5,30.5
2005,31
2005.5,31.5
2006,32
2006.5,32.5
2007,33
2007.5,32.5
2008,32
2008.5,31.5
2009,31
2009.5,30.5
2010,30
2010.5,29.5
2011,30
2011.5,29.5
2012,30
2012.5,29.5
2013,29
2013.5,28.5
2014,29
2014.5,29.5
2015,30
2015.5,30.5
2016,31
2016.5,31.5
2017,32
2017.5,32.5
2018,32
2018.5,31.5
2019,31
2019.5,30.5
2020,30
2020.5,29.5
2021,29
2021.5,28.5
2022,28
2022.5,27.5
2023,27
2023.5,26.5
2024,27
2024.5,27.5
2025,28
2025.5,28.5
2026,28
2026.5,27.5
2027,27
2027.5,27.5
2028,28
2028.5,27.5
2029,27
2029.5,26.5
2030,26
2030.5,25.5
2031,25
2031.5,24.5
2032,24
2032.5,23.5
2033,23
2033.5,22.5
2034,22
2034.5,21.5
2035,21
2035.5,20.5
2036,20
2036.5,19.5
2037,19
2037.5,19.5
2038,20
2038.5,20.5
2039,21
2039.5,21.5
2040,21
2040.5,21.5
2041,22
2041.5,22.5
2042,23
2042.5,22.5
2043,22
2043.5,21.5
2044,21
2044.5,20.5
2045,21
2045.5,21.5
2046,22
2046.5,21.5
2047,21
2047.5,20.5
2048,20
2048.5,19.5
2049,19
2049.5,18.5
2050,19
2050.5,18.5
2051,18
2051.5,17.5
2052,18
2052.5,18.5
2053,19
2053.5,19.5
2054,20
2054.5,20.5
2055,21
2055.5,20.5
2056,20
2056.5,20.5
2057,21
2057.5,21.5
2058,22
2058.5,22.5
2059,23
2059.5,23.5
2060,24
2060.5,24.5
2061,25
2061.5,25.5
2062,26
2062.5,26.5
2063,27
2063.5,27.5
2064,28
2064.5,28.5
2065,28
2065.5,27.5
2066,27
2066.5,27.5
2067,28
2067.5,28.5
2068,28
2068.5,27.5
2069,27
2069.5,26.5
2070,26
2070.5,25.5
2071,26
2071.5,26.5
2072,27
2072.5,26.5
2073,27
2073.5,26.5
2074,27
2074.5,27.5
2075,28
2075.5,28.5
2076,29
2076.5,29.5
2077,30
2077.5,30.5
2078,31
2078.5,31.5
2079,32
2079.5,32.5
2080,33
2080.5,33.5
2081,34
2081.5,34.5
2082,35
2082.5,35.5
2083,35
2083.5,34.5
2084,34
2084.5,34.5
2085,34
2085.5,33.5
2086,33
2086.5,32.5
2087,33
2087.5,33.5
2088,34
2088.5,34.5
2089,35
2089.5,35.5
2090,35
2090.5,34.5
2091,34
2091.5,34.5
2092,35
2092.5,35.5
2093,36
2093.5,36.5
2094,37
2094.5,37.5
2095,37
2095.5,37.5
2096,38
2096.5,38.5
2097,39
2097.5,39.5
2098,40
2098.5,40.5
2099,41
2099.5,40.5
2100,41
2100.5,41.5
2101,42
2101.5,41.5
2102,41
2102.5,40.5
2103,41
2103.5,41.5
2104,42
2104.5,42.5
2105,43
2105.5,42.5
2106,42
2106.5,42.5
2107,42
2107.5,42.5
2108,43
2108.5,43.5
2109,44
2109.5,44.5
2110,45
2110.5,45.5
2111,46
2111.5,46.5
2112,46
2112.5,45.5
2113,45
2113.5,44.5
2114,44
2114.5,43.5
2115,43
2115.5,42.5
2116,42
2116.5,42.5
2117,42
2117.5,41.5
2118,41
2118.5,40.5
2119,40
2119.5,39.5
2120,39
2120.5,39.5
2121,40
2121.5,40.5
2122,41
2122.5,41.5
2123,42
2123.5,42.5
2124,43
2124.5,42.5
2125,42
2125.5,41.5
2126,41
2126.5,40.5
2127,40
2127.5,39.5
2128,40
2128.5,40.5
2129,41
2129.5,41.5
2130,42
2130.5,42.5
2131,43
2131.5,43.5
2132,44
2132.5,44.5
2133,45
2133.5,45.5
2134,46
2134.5,46.5
2135,47
2135.5,47.5
2136,47
2136.5,47.5
2137,47
2137.5,47.5
2138,48
2138.5,48.5
2139,48
2139.5,47.5
2140,47
2140.5,46.5
2141,47
2141.5,47.5
2142,48
2142.5,48.5
2143,49
2143.5,49.5
2144,49
2144.5,48.5
2145,48
2145.5,47.5
2146,48
2146.5,48.5
2147,49
2147.5,49.5
2148,50
2148.5,50.5
2149,51
2149.5,51.5
2150,52
2150.5,52.5
2151,53
2151.5,53.5
2152,54
2152.5,54.5
2153,55
2153.5,55.5
2154,56
2154.5,56.5
2155,57
2155.5,57.5
2156,58
2156.5,58.5
2157,59
2157.5,59.5
2158,60
2158.5,60.5
2159,60
2159.5,59.5
2160,59
2160.5,58.5
2161,58
2161.5,57.5
2162,58
2162.5,58.5
2163,59
2163.5,58.5
2164,58
2164.5,58.5
2165,59
2165.5,59.5
2166,59
2166.5,58.5
2167,58
2167.5,57.5
2168,58
2168.5,58.5
2169,59
2169.5,59.5
2170,60
2170.5,60.5
2171,61
2171.5,61.5
2172,62
2172.5,62.5
2173,62
2173.5,61.5
2174,61
2174.5,60.5
2175,60
2175.5,59.5
2176,59
2176.5,58.5
2177,58
2177.5,57.5
2178,57
2178.5,56.5
2179,56
2179.5,55.5
2180,56
2180.5,56.5
2181,57
2181.5,57.5
2182,57
2182.5,57.5
2183,58
2183.5,58.5
2184,59
2184.5,58.5
2185,58
2185.5,57.5
2186,57
2186.5,57.5
2187,58
2187.5,58.5
2188,58
2188.5,57.5
2189,57
2189.5,56.5
2190,56
2190.5,55.5
2191,56
2191.5,56.5
2192,56
2192.5,55.5
2193,55
2193.5,54.5
2194,54
2194.5,53.5
2195,53
2195.5,53.5
2196,53
2196.5,52.5
2197,52
2197.5,51.5
2198,51
2198.5,51.5
2199,52
2199.5,51.5
2200,51
2200.5,50.5
2201,50
2201.5,50.5
2202,50
2202.5,49.5
2203,49
2203.5,48.5
2204,49
2204.5,49.5
2205,49
2205.5,48.5
2206,48
2206.5,47.5
2207,47
2207.5,46.5
2208,46
2208.5,46.5
2209,47
2209.5,47.5
2210,47
2210.5,46.5
2211,46
2211.5,46.5
2212,47
2212.5,47.5
2213,48
2213.5,48.5
2214,49
2214.5,49.5
2215,50
2215.5,50.5
2216,51
2216.5,51.5
2217,52
2217.5,52.5
2218,53
2218.5,53.5
2219,54
2219.5,53.5
2220,53
2220.5,52.5
2221,52
2221.5,51.5
2222,52
2222.5,52.5
2223,53
2223.5,53.5
2224,54
2224.5,54.5
2225,55
2225.5,55.5
2226,56
2226.5,55.5
2227,55
2227.5,55.5
2228,55
2228.5,54.5
2229,55
2229.5,55.5
2230,56
2230.5,56.5
2231,56
2231.5,55.5
2232,55
2232.5,54.5
2233,55
2233.5,55.5
2234,56
2234.5,56.5
2235,56
2235.5,55.5
2236,56
2236.5,56.5
2237,57
2237.5,57.5
2238,58
2238.5,58.5
2239,59
2239.5,59.5
2240,60
2240.5,60.5
2241,61
2241.5,61.5
2242,62
2242.5,61.5
2243,61
2243.5,60.5
2244,60
2244.5,59.5
2245,59
2245.5,58.5
2246,58
2246.5,58.5
2247,59
2247.5,59.5
2248,60
2248.5,60.5
2249,61
2249.5,61.5
2250,62
2250.5,62.5
2251,63
2251.5,63.5
2252,64
2252.5,63.5
2253,63
2253.5,62.5
2254,62
2254.5,62.5
2255,62
2255.5,61.5
2256,61
2256.5,60.5
2257,60
2257.5,59.5
2258,60
2258.5,59.5
2259,59
2259.5,58.5
2260,58
2260.5,57.5
2261,57
2261.5,56.5
2262,56
2262.5,55.5
2263,55
2263.5,54.5
2264,54
2264.5,53.5
2265,53
2265.5,53.5
2266,54
2266.5,54.5
2267,55
2267.5,54.5
2268,54
2268.5,53.5
2269,53
2269.5,53.5
2270,53
2270.5,52.5
2271,52
2271.5,51.5
2272,51
2272.5,50.5
2273,51
2273.5,50.5
2274,50
2274.5,49.5
2275,49
2275.5,48.5
2276,48
2276.5,48.5
2277,49
2277.5,48.5
2278,49
2278.5,49.5
2279,50
2279.5,49.5
2280,49
2280.5,48.5
2281,49
2281.5,49.5
2282,50
2282.5,49.5
2283,50
2283.5,50.5
2284,51
2284.5,51.5
2285,52
2285.5,52.5
2286,52
2286.5,51.5
2287,52
2287.5,52.5
2288,53
2288.5,53.5
2289,53
2289.5,52.5
2290,52
2290.5,51.5
2291,52
2291.5,52.5
2292,53
2292.5,52.5
2293,52
2293.5,51.5
2294,51
2294.5,50.5
2295,50
2295.5,49.5
2296,49
2296.5,48.5
2297,48
2297.5,47.5
2298,47
2298.5,47.5
2299,48
2299.5,48.5
2300,49
2300.5,49.5
2301,49
2301.5,48.5
2302,48
2302.5,47.5
2303,47
2303.5,46.5
2304,46
2304.5,46.5
2305,47
2305.5,47.5
2306,48
2306.5,48.5
2307,49
2307.5,49.5
2308,50
2308.5,50.5
2309,51
2309.5,51.5
2310,52
2310.5,51.5
2311,51
2311.5,50.5
2312,50
2312.5,49.5
2313,49
2313.5,48.5
2314,48
2314.5,47.5
2315,47
2315.5,46.5
2316,47
2316.5,47.5
2317,48
2317.5,48.5
2318,49
2318.5,48.5
2319,48
2319.5,47.5
2320,47
2320.5,46.5
2321,46
2321.5,45.5
2322,45
2322.5,44.5
2323,45
2323.5,45.5
2324,45
2324.5,44.5
2325,44
2325.5,43.5
2326,44
2326.5,44.5
2327,44
2327.5,43.5
2328,43
2328.5,42.5
2329,42
2329.5,41.5
2330,41
2330.5,40.5
2331,40
2331.5,40.5
2332,41
2332.5,41.5
2333,42
2333.5,42.5
2334,43
2334.5,43.5
2335,43
2335.5,42.5
2336,42
2336.5,41.5
2337,41
2337.5,40.5
2338,40
2338.5,39.5
2339,39
2339.5,38.5
2340,39
2340.5,38.5
2341,38
2341.5,37.5
2342,37
2342.5,36.5
2343,36
2343.5,35.5
2344,35
2344.5,34.5
2345,34
2345.5,33.5
2346,33
2346.5,33.5
2347,34
2347.5,33.5
2348,33
2348.5,32.5
2349,33
2349.5,33.5
2350,34
2350.5,33.5
2351,33
2351.5,32.5
2352,32
2352.5,31.5
2353,31
2353.5,30.5
2354,30
2354.5,29.5
2355,29
2355.5,29.5
2356,30
2356.5,30.5
2357,31
2357.5,30.5
2358,30
2358.5,29.5
2359,29
2359.5,28.5
2360,28
2360.5,27.5
2361,27
2361.5,26.5
2362,26
2362.5,25.5
2363,26
2363.5,26.5
2364,27
2364.5,26.5
2365,26
2365.5,25.5
2366,25
2366.5,24.5
2367,24
2367.5,23.5
2368,23
2368.5,22.5
2369,22
2369.5,22.5
2370,22
2370.5,21.5
2371,21
2371.5,20.5
2372,21
2372.5,20.5
2373,21
2373.5,21.5
2374,22
2374.5,22.5
2375,22
2375.5,22.5
2376,23
2376.5,22.5
2377,23
2377.5,23.5
2378,24
2378.5,24.5
2379,24
2379.5,23.5
2380,23
2380.5,22.5
2381,22
2381.5,22.5
2382,23
2382.5,23.5
2383,24
2383.5,24.5
2384,25
2384.5,25.5
2385,25
2385.5,24.5
2386,24
2386.5,24.5
2387,25
2387.5,24.5
2388,24
2388.5,23.5
2389,23
2389.5,23.5
2390,24
2390.5,24.5
2391,25
2391.5,25.5
2392,26
2392.5,25.5
2393,25
2393.5,24.5
2394,24
2394.5,23.5
2395,23
2395.5,23.5
2396,24
2396.5,23.5
2397,23
2397.5,22.5
2398,22
2398.5,21.5
2399,22
2399.5,22.5
2400,22
2400.5,21.5
2401,21
2401.5,20.5
2402,20
2402.5,20.5
2403,20
2403.5,19.5
2404,20
2404.5,20.5
2405,21
2405.5,20.5
2406,20
2406.5,19.5
2407,20
2407.5,20.5
2408,21
2408.5,20.5
2409,20
2409.5,19.5
2410,19
2410.5,18.5
2411,18
2411.5,18.5
2412,19
2412.5,19.5
2413,20
2413.5,20.5
2414,20
2414.5,19.5
2415,19
2415.5,18.5
2416,18
2416.5,17.5
2417,17
2417.5,16.5
2418,16
2418.5,16.5
2419,17
2419.5,17.5
2420,17
2420.5,16.5
2421,16
2421.5,15.5
2422,15
2422.5,14.5
2423,14
2423.5,13.5
2424,13
2424.5,12.5
2425,12
2425.5,11.5
2426,11
2426.5,10.5
2427,11
2427.5,11.5
2428,11
2428.5,10.5
2429,10
2429.5,9.5
2430,9
2430.5,9.5
2431,10
2431.5,9.5
2432,9
2432.5,8.5
2433,9
2433.5,9.5
2434,10
2434.5,10.5
2435,11
2435.5,11.5
2436,11
2436.5,10.5
2437,11
2437.5,10.5
2438,10
2438.5,9.5
2439,10
2439.5,10.5
2440,11
2440.5,11.5
2441,12
2441.5,11.5
2442,11
2442.5,11.5
2443,12
2443.5,12.5
2444,13
2444.5,13.5
2445,14
2445.5,14.5
2446,15
2446.5,15.5
2447,16
2447.5,16.5
2448,17
2448.5,16.5
2449,16
2449.5,15.5
2450,15
2450.5,14.5
2451,15
2451.5,14.5
2452,14
2452.5,13.5
2453,13
2453.5,12.5
2454,12
2454.5,12.5
2455,12
2455.5,12.5
2456,13
2456.5,12.5
2457,12
2457.5,12.5
2458,13
2458.5,13.5
2459,14
2459.5,14.5
2460,14
2460.5,13.5
2461,13
2461.5,12.5
2462,12
2462.5,11.5
2463,11
2463.5,11.5
2464,12
2464.5,12.5
2465,12
2465.5,11.5
2466,12
2466.5,11.5
2467,11
2467.5,10.5
2468,10
2468.5,9.5
2469,10
2469.5,9.5
2470,9
2470.5,8.5
2471,9
2471.5,9.5
2472,9
2472.5,9.5
2473,10
2473.5,9.5
2474,9
2474.5,9.5
2475,10
2475.5,9.5
2476,10
2476.5,10.5
2477,11
2477.5,11.5
2478,11
2478.5,10.5
2479,10
2479.5,9.5
2480,9
2480.5,8.5
2481,8
2481.5,7.5
2482,7
2482.5,6.5
2483,7
2483.5,7.5
2484,7
2484.5,6.5
2485,6
2485.5,5.5
2486,5
2486.5,5.5
2487,6
2487.5,5.5
2488,6
2488.5,5.5
2489,5
2489.5,4.5
2490,4
2490.5,3.5
2491,3
2491.5,3.5
2492,3
2492.5,2.5
2493,3
2493.5,3.5
2494,4
2494.5,4.5
2495,5
2495.5,4.5
2496,4
2496.5,3.5
2497,3
2497.5,2.5
2498,2
2498.5,1.5
2499,2
2499.5,2.5
2500,3
2500.5,3.5
2501,4
2501.5,4.5
2502,5
2502.5,5.5
2503,5
2503.5,4.5
2504,4
2504.5,3.5
2505,3
2505.5,2.5
2506,2
2506.5,1.5
2507,1
2507.5,0.5
2508,0
2508.5,0.5
2509,0
2509.5,-0.5
